ID_Transação,Valor_Transação,Taxa_Cobrada,Isenção_Aplicada,Anomalia_Real,Taxa_Relativa,Taxa_Std,Anomalia_Predita
1,218.54,3.59,Não,0,0.016427198682163448,-0.5588037669945688,0
2,477.82,8.59,Não,0,0.017977481059813318,0.33260375886304416,0
3,379.4,13.22,Não,0,0.03484449130205588,1.158047127807194,0
4,319.4,11.25,Não,0,0.0352222917971196,0.8068325626192943,0
5,120.21,12.29,Não,0,0.10223775060311122,0.9922453279976776,0
6,120.2,10.22,Não,0,0.08502495840266223,0.6232026122926262,0
7,76.14,10.69,Não,0,0.14039926451273968,0.7069949197232416,0
8,439.78,12.89,Não,0,0.029310109600254677,1.0992142311005915,0
9,320.5,0.0,Sim,0,0.0,-1.198834370560335,0
10,368.63,7.85,Não,0,0.02129506551284486,0.2006754450361174,0
11,59.26,0.0,Sim,0,0.0,-1.198834370560335,0
12,486.46,0.0,Sim,0,0.0,-1.198834370560335,0
13,424.6,14.22,Não,0,0.03349034385303815,1.3363286329787165,0
14,145.55,0.0,Sim,0,0.0,-1.198834370560335,0
15,131.82,10.88,Não,0,0.0825367925959642,0.7408684057058311,0
16,132.53,13.95,Não,0,0.10525918659926053,1.2881926265824053,0
17,186.91,3.53,Não,0,0.018886094911989726,-0.5695006573048602,0
18,286.14,8.95,Não,0,0.03127839519116516,0.3967851007247922,0
19,244.38,0.0,Sim,0,0.0,-1.198834370560335,0
20,181.05,1.48,Não,0,0.008174537420602044,-0.9349777429064816,0
21,325.33,10.76,Não,0,0.033074109365874654,0.7194746250852482,0
22,112.77,5.16,Não,0,0.045756850226123975,-0.2789018038752783,0
23,181.47,13.94,Não,0,0.07681710475560699,1.2864098115306901,0
24,214.86,0.0,Sim,0,0.0,-1.198834370560335,0
25,255.23,14.22,Não,0,0.05571445363005917,1.3363286329787165,0
26,403.33,7.64,Não,0,0.018942305308308333,0.16323632895009765,0
27,139.85,13.07,Não,0,0.09345727565248481,1.1313049020314654,0
28,281.41,12.82,Não,0,0.04555630574606446,1.0867345257385848,0
29,316.59,5.47,Não,0,0.017277867273129285,-0.2236345372721064,0
30,70.9,12.6,Não,0,0.17771509167842028,1.0475125946008497,0
31,323.4,0.0,Sim,0,0.0,-1.198834370560335,0
32,126.74,9.35,Não,0,0.07377307874388513,0.4680977027934013,0
33,79.27,4.22,Não,0,0.05323577646019932,-0.4464864187365096,0
34,477.0,2.69,Não,0,0.0056394129979035635,-0.7192571216489391,0
35,484.53,2.08,Não,0,0.004292819846036366,-0.828008839803568,0
36,413.78,10.75,Não,0,0.025979989366329937,0.717691810033533,0
37,187.08,0.0,Sim,0,0.0,-1.198834370560335,0
38,93.95,0.0,Sim,0,0.0,-1.198834370560335,0
39,357.9,1.91,Não,0,0.00533668622520257,-0.8583166956827267,0
40,248.07,5.41,Não,0,0.021808360543395012,-0.23433142758239767,0
41,104.92,8.55,Não,0,0.08149065955013345,0.3254724986561834,0
42,272.83,12.07,Não,0,0.044240002932228864,0.9530233968599429,0
43,65.47,5.46,Não,0,0.08339697571406751,-0.22541735232382157,0
44,459.19,0.0,Sim,0,0.0,-1.198834370560335,0
45,166.45,13.4,Não,0,0.08050465605286873,1.190137798738068,0
46,348.14,9.62,Não,0,0.027632561613144136,0.5162337091897123,0
47,190.27,0.0,Sim,0,0.0,-1.198834370560335,0
48,284.03,1.34,Não,0,0.00471781149878534,-0.9599371536304947,0
49,296.02,13.18,Não,0,0.04452401864738869,1.1509158676003328,0
50,133.18,0.0,Sim,0,0.0,-1.198834370560335,0
51,486.31,13.25,Não,0,0.02724599535275853,1.1633955729623395,0
52,398.81,8.41,Não,0,0.021087736014643563,0.30051308793217013,0
53,472.77,4.85,Sim,0,0.01025868815703196,-0.3341690704784504,0
54,452.67,12.18,Não,0,0.02690701835774405,0.9726343624288103,0
55,319.05,14.97,Não,0,0.04692054536906441,1.4700397618573584,0
56,464.84,5.91,Não,0,0.012714052146975305,-0.14519067499663635,0
57,89.82,11.74,Não,0,0.13070585615675798,0.8941905001533405,0
58,138.19,6.63,Não,0,0.04797742238946378,-0.016827991273140133,0
59,70.35,7.72,Não,0,0.10973702914001422,0.1774988493638195,0
60,196.4,9.79,Não,0,0.04984725050916496,0.5465415650688712,0
61,224.9,0.0,Sim,0,0.0,-1.198834370560335,0
62,172.11,14.78,Não,0,0.08587531230027307,1.4361662758747689,0
63,422.93,11.76,Não,0,0.02780601990873194,0.8977561302567708,0
64,210.54,6.85,Não,0,0.032535385199962005,0.022393939864594797,0
65,176.42,0.0,Sim,0,0.0,-1.198834370560335,0
66,294.21,11.33,Não,0,0.03850990788892288,0.8210950830330161,0
67,113.42,4.34,Não,0,0.03826485628636925,-0.4250926381159269,0
68,410.99,2.55,Não,0,0.006204530523857028,-0.7442165323729524,0
69,83.55,0.0,Sim,0,0.0,-1.198834370560335,0
70,494.1,5.02,Não,0,0.010159886662618902,-0.30386121459929155,0
71,397.51,5.15,Não,0,0.012955648914492718,-0.2806846189269935,0
72,139.42,4.27,Não,0,0.03062688280017214,-0.4375723434779335,0
73,52.48,1.59,Não,0,0.030297256097560978,-0.9153667773376141,0
74,416.96,1.25,Não,0,0.0029978894858019955,-0.9759824890959317,0
75,368.09,14.83,Não,0,0.04028905974082426,1.445080351133345,0
76,378.05,6.99,Não,0,0.018489617775426532,0.04735335058860806,0
77,397.07,6.38,Não,0,0.016067695872264337,-0.06139836756602078,0
78,83.32,10.52,Não,0,0.12626020163226118,0.6766870638440827,0
79,211.31,4.06,Não,0,0.019213477828782355,-0.47501145956395324,0
80,102.14,14.3,Não,0,0.14000391619345998,1.3505911533924384,0
81,438.4,0.0,Sim,0,0.0,-1.198834370560335,0
82,330.48,0.0,Sim,0,0.0,-1.198834370560335,0
83,198.9,6.85,Não,0,0.034439416792357964,0.022393939864594797,0
84,78.6,13.31,Não,0,0.16933842239185753,1.174092463272631,0
85,189.94,14.23,Não,0,0.07491839528272086,1.3381114480304317,0
86,196.33,7.54,Não,0,0.03840472673559823,0.14540817843294546,0
87,378.32,0.0,Sim,0,0.0,-1.198834370560335,0
88,336.9,3.34,Não,0,0.009913921044820423,-0.6033741432874495,0
89,449.25,14.88,Não,0,0.03312186978297162,1.4539944263919213,0
90,262.5,4.24,Não,0,0.016152380952380953,-0.4429207886330791,0
91,103.82,14.2,Não,0,0.13677518782508188,1.332763002875286,0
92,370.96,10.1,Não,0,0.027226655164977357,0.6018088316720432,0
93,392.35,9.51,Não,0,0.024238562507964825,0.49662274362084496,0
94,302.57,8.18,Não,0,0.027035066265657534,0.25950834174271986,0
95,396.94,4.23,Não,0,0.010656522396331941,-0.4447036036847943,0
96,272.21,3.47,Não,0,0.01274751111274384,-0.5801975476151515,0
97,285.23,4.09,Não,0,0.014339305122182098,-0.46966301440880753,0
98,242.39,3.61,Não,0,0.014893353686208177,-0.5552381368911384,0
99,61.44,11.91,Não,0,0.19384765625,0.9244983560324992,0
100,98.55,5.9,Não,0,0.05986808726534754,-0.14697349004835156,0
101,64.14,1.81,Não,0,0.028219519800436545,-0.8761448461998791,0
102,336.38,14.57,Não,0,0.04331410904334384,1.3987271597887494,0
103,191.46,0.0,Sim,0,0.0,-1.198834370560335,0
104,278.86,13.99,Não,0,0.05016854335508857,1.2953238867892662,0
105,458.4,14.93,Não,0,0.03256980802792321,1.4629085016504977,0
106,162.18,3.43,Não,0,0.02114934023924035,-0.5873288078220124,0
107,234.67,6.55,Não,0,0.02791153534750927,-0.031090511686861954,0
108,390.0,11.62,Não,0,0.029794871794871794,0.8727967195327575,0
109,152.96,10.74,Não,0,0.07021443514644352,0.7159089949818178,0
110,84.64,3.15,Não,0,0.03721644612476371,-0.6372476292700388,0
111,180.39,0.0,Sim,0,0.0,-1.198834370560335,0
112,122.55,4.14,Não,0,0.033782129742962054,-0.46074893915023146,0
113,468.36,0.0,Sim,0,0.0,-1.198834370560335,0
114,413.65,8.52,Não,0,0.020597123171763567,0.3201240535010375,0
115,335.03,9.3,Não,0,0.027758708175387285,0.45918362753482533,0
116,442.16,0.0,Sim,0,0.0,-1.198834370560335,0
117,411.65,2.28,Não,0,0.005538685776752095,-0.7923525387692634,0
118,133.96,13.28,Não,0,0.09913406987160345,1.168744018117485,0
119,451.65,0.0,Sim,0,0.0,-1.198834370560335,0
120,292.7,2.81,Não,0,0.009600273317389819,-0.6978633410283565,0
121,413.35,13.44,Não,0,0.03251481795088908,1.1972690589449286,0
122,453.24,14.38,Não,0,0.03172712028947136,1.3648536738061603,0
123,193.1,13.07,Não,0,0.06768513723459348,1.1313049020314654,0
124,99.52,12.33,Não,0,0.12389469453376206,0.9993765882045387,0
125,152.57,10.17,Não,0,0.06665792750868454,0.6142885370340498,0
126,242.2,8.71,Não,0,0.035962014863748976,0.35399753948362706,0
127,418.11,2.22,Não,0,0.005309607519552271,-0.8030494290795548,0
128,437.33,0.0,Sim,0,0.0,-1.198834370560335,0
129,53.13,6.22,Não,0,0.1170713344626388,-0.08992340839346442,0
130,279.84,4.64,Não,0,0.016580903373356205,-0.37160818656447014,0
131,237.83,0.0,Sim,0,0.0,-1.198834370560335,0
132,149.95,0.0,Sim,0,0.0,-1.198834370560335,0
133,103.94,2.13,Não,0,0.02049259187993073,-0.8190947645449919,0
134,201.93,4.08,Não,0,0.020205021542118555,-0.4714458294605227,0
135,474.31,10.57,Não,0,0.022285003478737533,0.685601139102659,0
136,195.44,2.07,Não,0,0.010591485878018829,-0.8297916548552833,0
137,283.46,0.0,Sim,0,0.0,-1.198834370560335,0
138,366.36,7.93,Não,0,0.021645376132765584,0.21493796544983923,0
139,213.63,0.0,Sim,0,0.0,-1.198834370560335,0
140,487.3,9.29,Não,0,0.019064231479581365,0.4574008124831099,0
141,483.1,12.55,Não,0,0.025978058373007658,1.0385985193422738,0
142,163.3,5.87,Não,0,0.03594611145131659,-0.15232193520349727,0
143,273.76,10.49,Não,0,0.03831823495032145,0.6713386186889372,0
144,185.4,8.92,Não,0,0.04811218985976267,0.39143665556964663,0
145,178.18,4.74,Não,0,0.026602312268492537,-0.3537800360473178,0
146,66.6,13.3,Não,0,0.19969969969969972,1.1723096482209157,0
147,324.3,12.16,Não,0,0.037496145544249154,0.9690687323253799,0
148,276.21,10.22,Não,0,0.03700083269975744,0.6232026122926262,0
149,73.17,12.91,Não,0,0.17643843105097717,1.1027798612040218,0
150,175.39,13.14,Não,0,0.07491875249444097,1.143784607393472,0
151,458.72,10.92,Não,0,0.0238053714684339,0.7479996659126918,0
152,157.8,0.0,Sim,0,0.0,-1.198834370560335,0
153,115.2,10.76,Não,0,0.09340277777777778,0.7194746250852482,0
154,270.25,10.52,Não,0,0.03892691951896392,0.6766870638440827,0
155,493.54,9.89,Sim,0,0.020038902621874622,0.5643697155860237,0
156,158.92,11.54,Não,0,0.07261515227787566,0.8585341991190357,0
157,352.46,0.0,Sim,0,0.0,-1.198834370560335,0
158,392.73,13.33,Não,0,0.03394189392203295,1.1776580933760614,0
159,156.94,13.21,Não,0,0.08417229514464127,1.1562643127554788,0
160,377.7,1.41,Não,0,0.003733121525019857,-0.9474574482684881,0
161,215.5,12.56,Não,0,0.0582830626450116,1.040381334393989,0
162,334.54,2.8,Não,0,0.008369701679918693,-0.6996461560800717,0
163,335.09,5.69,Não,0,0.016980512698081113,-0.1844126061343713,0
164,291.1,11.41,Não,0,0.03919615252490553,0.8353576034467379,0
165,90.63,3.25,Não,0,0.03586009047776675,-0.6194194787528865,0
166,425.89,12.45,Não,0,0.029232900514217286,1.0207703688251213,0
167,194.35,12.65,Não,0,0.0650887573964497,1.056426669859426,0
168,133.93,0.0,Sim,0,0.0,-1.198834370560335,0
169,68.35,1.09,Não,0,0.015947329919531825,-1.0045075299233754,0
170,315.9,5.02,Não,0,0.01589110477999367,-0.30386121459929155,0
171,354.9,9.64,Não,0,0.027162581008734858,0.519799339293143,0
172,57.46,0.0,Sim,0,0.0,-1.198834370560335,0
173,280.44,0.0,Sim,0,0.0,-1.198834370560335,0
174,151.92,4.64,Não,0,0.030542390731964193,-0.37160818656447014,0
175,340.33,9.88,Não,0,0.029030646725237273,0.5625869005343085,0
176,128.46,8.56,Não,0,0.06663552856920442,0.3272553137078986,0
177,360.92,11.92,Não,0,0.03302670952011526,0.9262811710842145,0
178,224.03,2.5,Não,0,0.011159219747355264,-0.7531306076315285,0
179,471.53,11.65,Não,0,0.024706805505482154,0.8781451646879034,0
180,111.88,8.58,Não,0,0.07668930997497318,0.330820943811329,0
181,203.48,14.48,Não,0,0.07116178494200905,1.3826818243233123,0
182,101.06,5.79,Não,0,0.057292697407480705,-0.1665844556172191,0
183,466.11,0.0,Sim,0,0.0,-1.198834370560335,0
184,444.8,14.05,Não,0,0.031587230215827336,1.3060207770995578,0
185,166.07,2.44,Não,0,0.014692599506232312,-0.7638274979418197,0
186,346.99,14.12,Não,0,0.04069281535490936,1.318500482461564,0
187,417.75,10.63,Não,0,0.025445840813883902,0.6962980294129504,0
188,299.84,1.95,Não,0,0.006503468516542156,-0.8511854354758659,0
189,288.34,5.21,Não,0,0.018068946382742597,-0.2699877286167022,0
190,158.83,10.91,Não,0,0.06868979411949883,0.7462168508609767,0
191,91.9,1.94,Não,0,0.021109902067464634,-0.8529682505275811,0
192,453.75,9.15,Não,0,0.020165289256198347,0.4324414017590969,0
193,455.19,5.84,Não,0,0.01282980733320152,-0.157670380358643,0
194,334.9,9.69,Não,0,0.028934010152284265,0.5287134145517189,0
195,202.56,0.0,Sim,0,0.0,-1.198834370560335,0
196,207.14,13.2,Não,0,0.06372501689678478,1.1544814977037632,0
197,376.68,14.63,Não,0,0.038839333120951475,1.409424050099041,0
198,453.7,14.56,Não,0,0.03209169054441261,1.3969443447370342,0
199,449.19,11.5,Não,0,0.025601638504864313,0.851402938912175,0
200,400.94,2.82,Não,0,0.007033471342345487,-0.6960805259766413,0
201,338.91,11.62,Não,0,0.03428638871676846,0.8727967195327575,0
202,87.86,0.0,Sim,0,0.0,-1.198834370560335,0
203,122.73,1.31,Não,0,0.010673836877699015,-0.9652855987856405,0
204,454.35,0.0,Sim,0,0.0,-1.198834370560335,0
205,322.89,7.84,Não,0,0.024280714794512062,0.1988926299844022,0
206,54.14,11.79,Não,0,0.21776874769117102,0.9031045754119164,0
207,95.66,10.57,Não,0,0.11049550491323439,0.685601139102659,0
208,348.58,7.24,Não,0,0.02076998106603936,0.09192372688148871,0
209,52.28,4.83,Não,0,0.09238714613618974,-0.33773470058188076,0
210,122.36,14.96,Não,0,0.12226217718208565,1.4682569468056434,0
211,296.93,6.97,Não,0,0.023473545953591753,0.043787720485177525,0
212,361.35,7.32,Não,0,0.02025736820257368,0.10618624729521053,0
213,343.38,0.0,Sim,0,0.0,-1.198834370560335,0
214,150.92,12.13,Não,0,0.08037370792472834,0.9637202871702343,0
215,370.48,10.71,Não,0,0.028908443100842153,0.7105605498266723,0
216,156.76,4.09,Não,0,0.026090839499872415,-0.46966301440880753,0
217,196.43,2.15,Não,0,0.010945374942727688,-0.8155291344415615,0
218,385.92,10.53,Não,0,0.027285447761194025,0.6784698788957979,0
219,342.33,10.16,Não,0,0.02967896474162358,0.6125057219823347,0
220,432.15,0.0,Sim,0,0.0,-1.198834370560335,0
221,345.93,14.31,Não,0,0.0413667504986558,1.3523739684441536,0
222,305.74,3.11,Não,0,0.010172041603977234,-0.6443788894768997,0
223,92.15,0.0,Sim,0,0.0,-1.198834370560335,0
224,215.47,14.21,Não,0,0.06594885598923285,1.3345458179270013,0
225,169.34,0.0,Sim,0,0.0,-1.198834370560335,0
226,159.8,9.94,Não,0,0.06220275344180225,0.5732837908445996,0
227,487.85,6.57,Não,0,0.013467254278979194,-0.02752488158343142,0
228,226.89,4.84,Não,0,0.021331922958261713,-0.3359518855301656,0
229,451.42,14.78,Não,0,0.03274112799610119,1.4361662758747689,0
230,334.01,6.73,Não,0,0.020149097332415197,0.0010001592440122228,0
231,407.67,13.52,Não,0,0.03316407878921677,1.2115315793586505,0
232,276.19,0.0,Sim,0,0.0,-1.198834370560335,0
233,309.61,3.98,Não,0,0.012854881948257485,-0.489273979977675,0
234,271.63,1.44,Não,0,0.0053013290137319145,-0.9421090031133423,0
235,137.86,10.12,Não,0,0.07340780501958508,0.6053744617754736,0
236,375.1,6.16,Não,0,0.016422287390029325,-0.10062029870375572,0
237,176.35,13.1,Não,0,0.0742840941309895,1.1366533471866112,0
238,60.94,0.0,Sim,0,0.0,-1.198834370560335,0
239,340.46,0.0,Sim,0,0.0,-1.198834370560335,0
240,129.7,3.6,Não,0,0.027756360832690827,-0.5570209519428536,0
241,473.21,13.16,Não,0,0.027810063185477907,1.1473502374969025,0
242,479.27,0.0,Sim,0,0.0,-1.198834370560335,0
243,461.69,11.79,Não,0,0.025536615477918082,0.9031045754119164,0
244,216.57,12.83,Não,0,0.05924181557925844,1.0885173407903,0
245,56.96,11.65,Não,0,0.20452949438202248,0.8781451646879034,0
246,467.74,9.77,Não,0,0.0208876726386454,0.5429759349654408,0
247,242.68,0.0,Sim,0,0.0,-1.198834370560335,0
248,484.99,1.46,Não,0,0.0030103713478628422,-0.938543373009912,0
249,483.63,13.89,Não,0,0.028720302710749955,1.277495736272114,0
250,433.85,0.0,Sim,0,0.0,-1.198834370560335,0
251,182.5,0.0,Sim,0,0.0,-1.198834370560335,0
252,223.29,7.74,Não,0,0.03466344216041919,0.18106447946725002,0
253,433.01,2.64,Não,0,0.006096856885522275,-0.7281711969075153,0
254,192.61,2.75,Não,0,0.01427755568246716,-0.7085602313386478,0
255,126.27,10.6,Não,0,0.08394709748950661,0.6909495842578045,0
256,300.56,7.02,Não,0,0.023356401384083042,0.052701795743753624,0
257,471.27,3.81,Não,0,0.008084537526258833,-0.5195818358568338,0
258,363.21,7.88,Não,0,0.021695437900938853,0.20602389019126313,0
259,306.53,1.9,Não,0,0.006198414510814603,-0.8600995107344421,0
260,93.73,9.15,Não,0,0.09762082577616558,0.4324414017590969,0
261,326.75,4.77,Não,0,0.014598316755929609,-0.34843159089217224,0
262,495.52,12.17,Não,0,0.024560058120762028,0.9708515473770951,0
263,113.04,5.35,Não,0,0.04732837933474875,-0.2450283178926891,0
264,283.25,7.37,Não,0,0.026019417475728154,0.11510032255378663,0
265,444.82,1.16,Não,0,0.002607796412031833,-0.9920278245613687,0
266,383.35,2.01,Não,0,0.005243250293465501,-0.8404885451655746,0
267,363.66,6.49,Não,0,0.017846339987900785,-0.04178740199715324,0
268,366.12,7.72,Não,0,0.02108598273790014,0.1774988493638195,0
269,211.77,9.4,Não,0,0.044387779194409026,0.47701177805197753,0
270,182.12,5.08,Não,0,0.027893696463869976,-0.29316432428900013,0
271,414.21,0.0,Sim,0,0.0,-1.198834370560335,0
272,414.55,13.04,Não,0,0.031455795440839464,1.1259564568763196,0
273,440.18,11.92,Não,0,0.027079830978236175,0.9262811710842145,0
274,460.96,1.55,Não,0,0.00336254772648386,-0.922498037544475,0
275,280.1,7.73,Não,0,0.027597286683327383,0.17928166441553484,0
276,275.68,2.47,Não,0,0.008959663377829368,-0.7584790527866742,0
277,409.23,4.39,Não,0,0.010727463773428144,-0.4161785628573508,0
278,342.48,14.81,Não,0,0.0432434010745153,1.4415147210299146,0
279,365.89,2.99,Não,0,0.008171854929077045,-0.6657726700974823,0
280,408.11,0.0,Sim,0,0.0,-1.198834370560335,0
281,450.5,9.65,Não,0,0.02142064372918979,0.5215821543448582,0
282,202.1,10.83,Não,0,0.05358733300346363,0.7319543304472548,0
283,219.01,8.84,Não,0,0.04036345372357427,0.3771741351559248,0
284,92.29,0.0,Sim,0,0.0,-1.198834370560335,0
285,310.23,0.0,Sim,0,0.0,-1.198834370560335,0
286,66.17,8.25,Não,0,0.12467885748828773,0.2719880471047265,0
287,259.52,2.23,Não,0,0.008592786683107275,-0.8012666140278396,0
288,294.19,5.91,Não,0,0.02008905809170944,-0.14519067499663635,0
289,178.94,1.46,Não,0,0.008159159494802727,-0.938543373009912,0
290,315.87,0.0,Sim,0,0.0,-1.198834370560335,0
291,63.73,6.56,Não,0,0.10293425388357132,-0.029307696635146766,0
292,66.81,2.86,Não,0,0.04280796287980841,-0.6889492657697803,0
293,420.17,8.95,Não,0,0.021300902015850724,0.3967851007247922,0
294,212.09,10.65,Não,0,0.050214531566787686,0.6998636595163809,0
295,107.18,0.0,Sim,0,0.0,-1.198834370560335,0
296,285.01,0.0,Sim,0,0.0,-1.198834370560335,0
297,396.5,3.34,Não,0,0.008423707440100882,-0.6033741432874495,0
298,147.12,0.0,Sim,0,0.0,-1.198834370560335,0
299,330.3,0.0,Sim,0,0.0,-1.198834370560335,0
300,88.41,10.89,Não,0,0.12317611129962674,0.7426512207575463,0
301,73.26,1.44,Não,0,0.019656019656019656,-0.9421090031133423,0
302,289.11,14.11,Não,0,0.04880495313202587,1.3167176674098489,0
303,293.29,1.73,Não,0,0.005898598656619727,-0.890407366613601,0
304,336.84,8.58,Não,0,0.025472034200213753,0.330820943811329,0
305,376.74,10.93,Não,0,0.029012050751181184,0.749782480964407,0
306,489.13,13.19,Não,0,0.026966246192218837,1.152698682652048,0
307,282.34,0.0,Sim,0,0.0,-1.198834370560335,0
308,195.33,12.22,Não,0,0.06256079455280807,0.9797656226356714,0
309,407.83,0.0,Sim,0,0.0,-1.198834370560335,0
310,171.87,12.41,Não,0,0.0722057368941642,1.0136391086182606,0
311,247.54,2.12,Não,0,0.008564272440817646,-0.820877579596707,0
312,85.31,13.53,Não,0,0.15859805415543313,1.2133143944103657,0
313,61.41,8.67,Não,0,0.14118221787982413,0.346866279276766,0
314,483.19,12.44,Não,0,0.025745565926447153,1.018987553773406,0
315,426.19,7.33,Não,0,0.01719890189821441,0.10796906234692571,0
316,363.19,0.0,Sim,0,0.0,-1.198834370560335,0
317,234.03,8.37,Não,0,0.03576464555826176,0.2933818277253091,0
318,127.98,11.24,Não,0,0.08782622284731989,0.8050497475675791,0
319,120.4,2.14,Não,0,0.017774086378737543,-0.8173119494932767,0
320,162.61,1.84,Não,0,0.011315417256011316,-0.8707964010447334,0
321,297.15,4.46,Não,0,0.015009254585226318,-0.4036988574953442,0
322,371.57,3.23,Não,0,0.008692843878676965,-0.622985108856317,0
323,347.09,13.2,Não,0,0.03803048200754847,1.1544814977037632,0
324,175.97,4.07,Não,0,0.023128942433369326,-0.4732286445122379,0
325,479.69,14.66,Não,0,0.03056140424023849,1.4147724952541865,0
326,382.05,5.72,Não,0,0.014971862321685642,-0.17906416097922573,0
327,299.46,3.55,Não,0,0.011854671742469779,-0.5659350272014297,0
328,325.27,0.0,Sim,0,0.0,-1.198834370560335,0
329,238.82,10.22,Não,0,0.04279373586801776,0.6232026122926262,0
330,161.48,0.0,Sim,0,0.0,-1.198834370560335,0
331,210.19,8.78,Não,0,0.0417717303392169,0.3664772448456334,0
332,391.03,0.0,Sim,0,0.0,-1.198834370560335,0
333,56.48,4.2,Não,0,0.07436260623229463,-0.45005204883994,0
334,102.23,14.95,Não,0,0.1462388731292184,1.466474131753928,0
335,70.7,0.0,Sim,0,0.0,-1.198834370560335,0
336,68.33,10.1,Não,0,0.14781208839455584,0.6018088316720432,0
337,434.96,3.79,Não,0,0.008713444914474894,-0.5231474659602643,0
338,366.65,10.52,Não,0,0.028692213282421927,0.6766870638440827,0
339,263.38,0.0,Sim,0,0.0,-1.198834370560335,0
340,94.03,1.43,Não,0,0.015207912368393065,-0.9438918181650577,0
341,271.23,4.61,Não,0,0.016996644913910702,-0.3769566317196157,0
342,263.06,0.0,Sim,0,0.0,-1.198834370560335,0
343,127.94,0.0,Sim,0,0.0,-1.198834370560335,0
344,245.23,11.18,Não,0,0.04558985442237899,0.7943528572572877,0
345,229.33,11.4,Não,0,0.04971002485501243,0.8335747883950227,0
346,327.13,6.96,Não,0,0.021275945342830067,0.04200490543346234,0
347,335.79,5.84,Não,0,0.01739182226987105,-0.157670380358643,0
348,70.39,6.19,Não,0,0.08793862764597245,-0.09527185354861,0
349,218.58,14.83,Não,0,0.06784701253545612,1.445080351133345,0
350,331.64,0.0,Sim,0,0.0,-1.198834370560335,0
351,276.41,13.14,Não,0,0.04753807749357838,1.143784607393472,0
352,435.42,9.1,Não,0,0.020899361535988238,0.42352732650052066,0
353,346.41,7.14,Não,0,0.02061141422014376,0.07409557636433636,0
354,123.32,11.15,Não,0,0.09041518001946157,0.7890044121021421,0
355,81.76,7.81,Não,0,0.09552348336594911,0.19354418482925648,0
356,339.09,0.0,Sim,0,0.0,-1.198834370560335,0
357,61.93,13.61,Não,0,0.21976424995963184,1.2275769148240876,0
358,313.6,0.0,Sim,0,0.0,-1.198834370560335,0
359,473.1,4.88,Não,0,0.010314943986472204,-0.3288206253233047,0
360,308.96,0.0,Sim,0,0.0,-1.198834370560335,0
361,224.68,0.0,Sim,0,0.0,-1.198834370560335,0
362,339.48,3.95,Não,0,0.011635442441380935,-0.4946224251328207,0
363,256.21,9.72,Não,0,0.0379376292884743,0.5340618597068648,0
364,295.53,9.84,Não,0,0.03329611206984063,0.5554556403274474,0
365,473.66,11.26,Não,0,0.023772326141113877,0.8086153776710094,0
366,223.75,0.0,Sim,0,0.0,-1.198834370560335,0
367,482.54,0.0,Sim,0,0.0,-1.198834370560335,0
368,457.41,13.73,Não,0,0.030016833912682277,1.2489706954446704,0
369,138.11,3.52,Não,0,0.025486930707407138,-0.5712834723565754,0
370,81.21,4.33,Não,0,0.05331855682797686,-0.4268754531676421,0
371,95.35,14.6,Não,0,0.15312008390141585,1.404075604943895,0
372,58.2,3.53,Não,0,0.060652920962199305,-0.5695006573048602,0
373,92.5,12.96,Não,0,0.14010810810810811,1.1116939364625982,0
374,357.35,7.89,Não,0,0.022079194067440883,0.2078067052429783,0
375,82.03,4.46,Não,0,0.05437035231013044,-0.4036988574953442,0
376,193.54,13.19,Não,0,0.06815128655575076,1.152698682652048,0
377,430.19,7.23,Não,0,0.01680652734838095,0.09014091182977352,0
378,60.47,8.21,Não,0,0.13576980320820242,0.26485678689786574,0
379,416.51,6.03,Não,0,0.014477443518763056,-0.12379689437605362,0
380,176.83,9.3,Não,0,0.05259288582254142,0.45918362753482533,0
381,103.17,3.29,Não,0,0.031889115052825434,-0.6122882185460256,0
382,363.53,6.48,Não,0,0.017825213875058456,-0.043570217048868425,0
383,333.02,14.57,Não,0,0.04375112605849499,1.3987271597887494,0
384,444.86,4.61,Não,0,0.010362810771928247,-0.3769566317196157,0
385,380.78,10.19,Não,0,0.026760859288828195,0.6178541671374802,0
386,411.57,5.55,Não,0,0.013484947882498724,-0.20937201685838455,0
387,176.92,11.83,Não,0,0.06686638028487453,0.9102358356187774,0
388,129.85,2.83,Não,0,0.021794378128609935,-0.694297710924926,0
389,387.78,14.58,Não,0,0.037598638403218324,1.4005099748404646,0
390,413.08,7.35,Não,0,0.01779316355185436,0.11153469245035609,0
391,495.73,4.3,Não,0,0.008674076614286002,-0.4322238983227878,0
392,235.68,0.0,Sim,0,0.0,-1.198834370560335,0
393,217.41,3.38,Não,0,0.01554666298698312,-0.5962428830805886,0
394,399.39,0.0,Sim,0,0.0,-1.198834370560335,0
395,203.36,5.72,Não,0,0.028127458693941777,-0.17906416097922573,0
396,468.84,12.6,Não,0,0.026874840030714102,1.0475125946008497,0
397,436.29,0.0,Sim,0,0.0,-1.198834370560335,0
398,243.05,0.0,Sim,0,0.0,-1.198834370560335,0
399,387.89,9.64,Não,0,0.02485240661012143,0.519799339293143,0
400,389.54,10.89,Não,0,0.02795605072649792,0.7426512207575463,0
401,96.41,3.34,Não,0,0.03464370915880095,-0.6033741432874495,0
402,456.15,0.0,Sim,0,0.0,-1.198834370560335,0
403,277.36,1.51,Não,0,0.005444188058840496,-0.9296292977513358,0
404,421.91,11.31,Não,0,0.02680666492853926,0.8175294529295858,0
405,194.02,10.29,Não,0,0.05303576950829811,0.6356823176546325,0
406,452.99,7.64,Não,0,0.01686571447493322,0.16323632895009765,0
407,225.14,12.82,Não,0,0.056942346984098786,1.0867345257385848,0
408,54.88,12.28,Não,0,0.2237609329446064,0.9904625129459624,0
409,457.42,9.19,Não,0,0.02009094486467579,0.4395726619659577,0
410,91.08,13.16,Não,0,0.14448836187966624,1.1473502374969025,0
411,193.69,3.88,Não,0,0.020032009912747173,-0.5071021304948273,0
412,477.53,0.0,Sim,0,0.0,-1.198834370560335,0
413,477.77,4.78,Não,0,0.010004814031856334,-0.3466487758404569,0
414,308.05,0.0,Sim,0,0.0,-1.198834370560335,0
415,334.33,8.44,Não,0,0.025244518888523314,0.30586153308731573,0
416,251.8,14.11,Não,0,0.056036536934074656,1.3167176674098489,0
417,181.94,1.55,Não,0,0.008519292074310212,-0.922498037544475,0
418,197.9,0.0,Sim,0,0.0,-1.198834370560335,0
419,352.63,0.0,Sim,0,0.0,-1.198834370560335,0
420,388.57,14.07,Não,0,0.036209691947396865,1.3095864072029881,0
421,406.21,0.0,Sim,0,0.0,-1.198834370560335,0
422,405.33,0.0,Sim,0,0.0,-1.198834370560335,0
423,91.04,1.58,Não,0,0.01735500878734622,-0.9171495923893292,0
424,272.49,3.08,Não,0,0.011303167088700503,-0.6497273346320454,0
425,75.9,14.81,Não,0,0.19512516469038207,1.4415147210299146,0
426,297.29,14.51,Não,0,0.04880756164014934,1.3880302694784579,0
427,248.69,0.0,Sim,0,0.0,-1.198834370560335,0
428,449.47,14.33,Não,0,0.031881994348899816,1.355939598547584,0
429,207.91,9.95,Não,0,0.04785724592371699,0.5750666058963148,0
430,102.68,13.15,Não,0,0.1280677834047526,1.1455674224451873,0
431,114.35,7.37,Não,0,0.06445124617402712,0.11510032255378663,0
432,392.68,8.22,Não,0,0.02093307527757971,0.2666396019495809,0
433,328.2,7.84,Não,0,0.0238878732480195,0.1988926299844022,0
434,95.51,10.34,Não,0,0.1082609150874254,0.6445963929132087,0
435,87.85,2.96,Não,0,0.03369379624359704,-0.6711211152526281,0
436,365.44,1.42,Não,0,0.003885726795096322,-0.9456746332167729,0
437,82.74,5.31,Não,0,0.06417693981145758,-0.25215957809955003,0
438,419.84,10.87,Não,0,0.025890815548780487,0.7390855906541156,0
439,367.81,3.83,Não,0,0.010412984965063484,-0.5160162057534033,0
440,86.61,0.0,Sim,0,0.0,-1.198834370560335,0
441,88.18,14.58,Não,0,0.16534361533227487,1.4005099748404646,0
442,493.99,2.31,Não,0,0.0046762080204052715,-0.7870040936141178,0
443,218.42,10.42,Não,0,0.047706254006043405,0.6588589133269306,0
444,216.79,7.21,Não,0,0.03325799160477882,0.08657528172634299,0
445,415.76,13.15,Não,0,0.03162882432172407,1.1455674224451873,0
446,476.26,3.48,Não,0,0.007306933187754588,-0.5784147325634363,0
447,493.7,10.7,Não,0,0.021673080818310715,0.7087777347749568,0
448,389.02,0.0,Sim,0,0.0,-1.198834370560335,0
449,219.32,0.0,Sim,0,0.0,-1.198834370560335,0
450,87.58,10.57,Não,0,0.1206896551724138,0.685601139102659,0
451,399.72,7.96,Não,0,0.01991393975783048,0.22028641060498494,0
452,301.28,9.65,Não,0,0.03203000531067446,0.5215821543448582,0
453,240.9,13.16,Não,0,0.05462847654628476,1.1473502374969025,0
454,457.86,8.99,Não,0,0.019634822871620147,0.4039163609316533,0
455,100.04,1.43,Não,0,0.014294282287085165,-0.9438918181650577,0
456,271.68,0.0,Sim,0,0.0,-1.198834370560335,0
457,55.11,10.65,Não,0,0.19324986390854657,0.6998636595163809,0
458,260.9,10.47,Não,0,0.040130318129551555,0.6677729885855068,0
459,75.34,4.02,Não,0,0.0533581099017786,-0.4821427197708142,0
460,103.47,10.22,Não,0,0.09877259108920461,0.6232026122926262,0
461,102.89,6.51,Não,0,0.06327145495189036,-0.03822177189372286,0
462,342.14,10.12,Não,0,0.029578535102589582,0.6053744617754736,0
463,385.72,2.49,Não,0,0.00645545991911231,-0.7549134226832437,0
464,312.52,10.21,Não,0,0.03266990912581595,0.6214197972409109,0
465,482.98,14.99,Não,0,0.031036481841898216,1.4736053919607888,0
466,218.69,1.67,Não,0,0.007636380264301065,-0.9011042569238922,0
467,178.57,14.68,Não,0,0.08220865766926136,1.4183381253576168,0
468,440.87,0.0,Sim,0,0.0,-1.198834370560335,0
469,150.62,13.19,Não,0,0.08757137166378966,1.152698682652048,0
470,483.45,11.95,Não,0,0.024718171475850655,0.93162961623936,0
471,55.47,8.94,Não,0,0.1611681990265008,0.395002285673077,0
472,486.45,11.34,Não,0,0.023311748381128584,0.8228778980847313,0
473,69.42,13.3,Não,0,0.19158743877845003,1.1723096482209157,0
474,451.01,6.66,Não,0,0.014766856610718167,-0.01147954611799441,0
475,287.47,5.58,Não,0,0.01941072111872543,-0.20402357170323884,0
476,496.83,10.35,Não,0,0.02083207535776825,0.6463792079649239,0
477,83.21,0.0,Sim,0,0.0,-1.198834370560335,0
478,299.23,11.67,Não,0,0.039000100257327135,0.8817107947913337,0
479,486.19,0.0,Sim,0,0.0,-1.198834370560335,0
480,285.39,7.1,Não,0,0.0248782367987666,0.06696431615747545,0
481,333.23,12.45,Não,0,0.037361582090448035,1.0207703688251213,0
482,363.09,2.68,Não,0,0.007381090087857006,-0.7210399367006542,0
483,254.54,8.62,Não,0,0.03386501139310128,0.3379522040181897,0
484,332.4,0.0,Sim,0,0.0,-1.198834370560335,0
485,312.94,5.54,Não,0,0.017703074071707035,-0.21115483191009973,0
486,455.52,6.13,Não,0,0.013457147874956095,-0.10596874385890143,0
487,70.45,6.55,Não,0,0.09297374024130589,-0.031090511686861954,0
488,176.43,10.74,Não,0,0.06087400102023465,0.7159089949818178,0
489,477.69,6.44,Não,0,0.013481546609725973,-0.050701477255729335,0
490,450.62,7.28,Não,0,0.01615551906262483,0.09905498708834962,0
491,255.05,4.33,Não,0,0.016977063320917467,-0.4268754531676421,0
492,329.06,6.23,Não,0,0.018932717437549384,-0.08814059334174908,0
493,174.82,4.18,Não,0,0.023910307745109254,-0.4536176789433705,0
494,134.65,2.02,Não,0,0.01500185666542889,-0.8387057301138592,0
495,258.66,48.0,Não,1,0.1855717930874507,7.35867787767275,1
496,209.01,10.35,Não,0,0.04951916176259509,0.6463792079649239,0
497,312.65,9.67,Não,0,0.030929154006077084,0.5251477844482886,0
498,84.98,7.49,Não,0,0.08813838550247116,0.13649410317436936,0
499,488.48,6.32,Não,0,0.012938093678349165,-0.07209525787631207,0
500,493.79,13.09,Não,0,0.026509244820672753,1.134870532134896,0
501,364.17,8.27,Não,0,0.022709174286734215,0.2755536772081569,0
502,291.24,7.71,Não,0,0.026473011948908116,0.17571603431210428,0
503,189.29,1.36,Não,0,0.0071847429869512395,-0.9563715235270641,0
504,416.21,5.78,Não,0,0.013887220393551334,-0.16836727066893428,0
505,358.13,6.32,Não,0,0.017647223075419542,-0.07209525787631207,0
506,123.18,0.0,Sim,0,0.0,-1.198834370560335,0
507,459.92,9.12,Não,0,0.01982953557140372,0.427092956603951,0
508,420.14,8.47,Não,0,0.02015994668443852,0.3112099782424616,0
509,477.41,9.51,Não,0,0.019919984918623405,0.49662274362084496,0
510,376.57,11.71,Não,0,0.031096476086783335,0.8888420549981948,0
511,326.04,0.0,Sim,0,0.0,-1.198834370560335,0
512,238.21,11.05,Não,0,0.046387641156962346,0.7711762615849899,0
513,469.73,14.38,Não,0,0.03061333106252528,1.3648536738061603,0
514,439.73,1.26,Não,0,0.0028653946740045027,-0.9741996740442165,0
515,70.35,3.74,Não,0,0.05316275764036959,-0.5320615412188404,0
516,61.87,1.11,Não,0,0.017940843704541784,-1.0009418998199449,0
517,219.41,0.0,Sim,0,0.0,-1.198834370560335,0
518,414.75,13.57,Não,0,0.032718505123568414,1.2204456546172269,0
519,494.27,4.41,Não,0,0.008922248973233253,-0.41261293275392025,0
520,117.69,13.98,Não,0,0.1187866428753505,1.293541071737551,0
521,317.36,1.84,Não,0,0.005797832114948324,-0.8707964010447334,0
522,221.4,0.0,Sim,0,0.0,-1.198834370560335,0
523,486.46,5.92,Não,0,0.012169551453356905,-0.14340785994492117,0
524,428.95,2.42,Não,0,0.0056416831798577925,-0.7673931280452503,0
525,427.25,7.8,Não,0,0.018256290228203628,0.1917613697775413,0
526,260.91,4.59,Não,0,0.01759227319765436,-0.38052226182304627,0
527,236.67,4.99,Não,0,0.02108421008154815,-0.30920965975443715,0
528,173.03,5.3,Não,0,0.03063052649829509,-0.2539423931512652,0
529,75.37,0.0,Sim,0,0.0,-1.198834370560335,0
530,439.13,8.55,Não,0,0.01947031630724387,0.3254724986561834,0
531,415.81,5.36,Não,0,0.012890502873908758,-0.24324550284097377,0
532,499.87,9.54,Não,0,0.019084962090143435,0.5019711887759905,0
533,498.49,11.03,Não,0,0.022126823005476536,0.7676106314815592,0
534,299.94,0.0,Sim,0,0.0,-1.198834370560335,0
535,396.04,6.79,Não,0,0.017144732855267145,0.011697049554303509,0
536,475.14,2.71,Não,0,0.005703582102117271,-0.7156914915455087,0
537,432.34,3.54,Não,0,0.008188000185039552,-0.5677178422531449,0
538,161.31,0.0,Sim,0,0.0,-1.198834370560335,0
539,252.74,3.54,Não,0,0.01400648888185487,-0.5677178422531449,0
540,108.12,8.35,Não,0,0.07722900480947095,0.2898161976218787,0
541,479.32,45.0,Não,1,0.09388300091796713,6.823833362158182,1
542,322.78,2.5,Não,0,0.007745213458082906,-0.7531306076315285,0
543,152.89,8.94,Não,0,0.058473412257178364,0.395002285673077,0
544,352.27,4.59,Não,0,0.013029778295057769,-0.38052226182304627,0
545,328.16,0.0,Sim,0,0.0,-1.198834370560335,0
546,211.17,7.77,Não,0,0.03679499928967183,0.1864129246223956,0
547,101.1,0.0,Sim,0,0.0,-1.198834370560335,0
548,352.21,8.7,Não,0,0.024701172595894494,0.35221472443191154,0
549,284.14,1.61,Não,0,0.00566622087703245,-0.9118011472341835,0
550,397.54,0.0,Sim,0,0.0,-1.198834370560335,0
551,284.07,14.32,Não,0,0.050410110184109555,1.3541567834958688,0
552,433.48,0.0,Sim,0,0.0,-1.198834370560335,0
553,298.36,12.47,Não,0,0.041795146802520444,1.024335998928552,0
554,302.42,13.38,Não,0,0.044243105614708025,1.1865721686346375,0
555,444.49,0.0,Sim,0,0.0,-1.198834370560335,0
556,231.57,3.97,Não,0,0.017143844193980223,-0.4910567950293902,0
557,110.31,9.55,Não,0,0.08657419998186928,0.503754003827706,0
558,62.95,6.75,Não,0,0.10722795869737886,0.004565789347442599,0
559,389.81,0.0,Sim,0,0.0,-1.198834370560335,0
560,329.14,13.6,Não,0,0.041319803123291005,1.2257940997723724,0
561,366.84,5.95,Não,0,0.01621960527750518,-0.13805941478977546,0
562,145.83,4.32,Não,0,0.029623534252211477,-0.42865826821935726,0
563,111.37,0.0,Sim,0,0.0,-1.198834370560335,0
564,56.55,0.0,Sim,0,0.0,-1.198834370560335,0
565,207.76,12.52,Não,0,0.06026184058529072,1.033250074187128,0
566,315.46,6.93,Não,0,0.021967919863057125,0.036656460278316615,0
567,226.51,10.35,Não,0,0.045693346872102775,0.6463792079649239,0
568,246.86,2.34,Não,0,0.009479056955359312,-0.7816556484589721,0
569,456.87,9.73,Não,0,0.021297086698623242,0.53584467475858,0
570,206.71,7.32,Não,0,0.03541192975666393,0.10618624729521053,0
571,281.3,9.21,Não,0,0.03274084607180946,0.4431382920693884,0
572,402.64,3.35,Não,0,0.008320087423008146,-0.6015913282357342,0
573,228.44,11.32,Não,0,0.04955349325862371,0.819312267981301,0
574,329.94,13.08,Não,0,0.03964357155846518,1.1330877170831806,0
575,438.06,4.03,Não,0,0.009199653015568644,-0.48035990471909884,0
576,477.28,2.34,Não,0,0.004902782433791485,-0.7816556484589721,0
577,116.18,1.33,Não,0,0.011447753485970047,-0.9617199686822099,0
578,466.96,9.99,Não,0,0.02139369539146822,0.5821978661031758,0
579,271.45,9.5,Não,0,0.03499723706023209,0.49483992856912973,0
580,166.21,8.65,Não,0,0.0520425967149991,0.3433006491733356,0
581,256.61,0.0,Sim,0,0.0,-1.198834370560335,0
582,491.01,6.47,Não,0,0.013176921040304677,-0.04535303210058377,0
583,271.68,9.32,Não,0,0.034305064782096585,0.46274925763825575,0
584,197.94,7.95,Não,0,0.040163685965444076,0.21850359555326976,0
585,335.03,14.83,Não,0,0.04426469271408531,1.445080351133345,0
586,158.07,2.91,Não,0,0.01840956538242551,-0.6800351905112042,0
587,84.14,0.0,Sim,0,0.0,-1.198834370560335,0
588,108.0,6.66,Não,0,0.06166666666666667,-0.01147954611799441,0
589,107.62,6.99,Não,0,0.06495075264820666,0.04735335058860806,0
590,118.36,11.05,Não,0,0.09335924298749579,0.7711762615849899,0
591,112.47,10.69,Não,0,0.09504756824041967,0.7069949197232416,0
592,338.39,14.88,Não,0,0.04397293064215846,1.4539944263919213,0
593,131.85,2.8,Não,0,0.02123625331816458,-0.6996461560800717,0
594,205.55,2.46,Não,0,0.011967891024081731,-0.7602618678383893,0
595,453.55,0.0,Sim,0,0.0,-1.198834370560335,0
596,263.28,9.1,Não,0,0.03456396232148284,0.42352732650052066,0
597,350.4,4.84,Não,0,0.013812785388127854,-0.3359518855301656,0
598,127.54,2.11,Não,0,0.016543829386859023,-0.8226603946484222,0
599,136.53,2.2,Não,0,0.016113674650260017,-0.8066150591829852,0
600,68.39,0.0,Sim,0,0.0,-1.198834370560335,0
601,126.02,3.69,Não,0,0.02928106649738137,-0.5409756164774165,0
602,175.37,0.0,Sim,0,0.0,-1.198834370560335,0
603,129.65,4.17,Não,0,0.03216351716158889,-0.4554004939950857,0
604,89.92,5.97,Não,0,0.0663923487544484,-0.13449378468634507,0
605,104.29,0.0,Sim,0,0.0,-1.198834370560335,0
606,257.35,8.27,Não,0,0.0321352244025646,0.2755536772081569,0
607,142.85,0.0,Sim,0,0.0,-1.198834370560335,0
608,213.92,12.2,Não,0,0.05703066566940913,0.9761999925322407,0
609,276.54,4.27,Não,0,0.01544080422362045,-0.4375723434779335,0
610,360.68,0.0,Sim,0,0.0,-1.198834370560335,0
611,67.69,13.32,Não,0,0.1967794356625794,1.1758752783243462,0
612,409.73,0.0,Sim,0,0.0,-1.198834370560335,0
613,332.56,8.46,Não,0,0.0254390185229733,0.3094271631907464,0
614,86.79,5.54,Não,0,0.0638322387371817,-0.21115483191009973,0
615,443.11,5.66,Não,0,0.012773351989348017,-0.189761051289517,0
616,464.39,0.0,Sim,0,0.0,-1.198834370560335,0
617,77.49,14.92,Não,0,0.19254097302877793,1.461125686598782,0
618,174.59,10.27,Não,0,0.058823529411764705,0.6321166875512021,0
619,412.79,8.81,Não,0,0.02134257128321907,0.37182569000077925,0
620,386.72,11.23,Não,0,0.029039098055440627,0.8032669325158639,0
621,133.03,7.51,Não,0,0.0564534315567917,0.14005973327779975,0
622,144.21,1.84,Não,0,0.012759170653907496,-0.8707964010447334,0
623,216.71,8.87,Não,0,0.04093027548336486,0.3825225803110704,0
624,268.04,14.41,Não,0,0.05376063274138188,1.3702021189613058,0
625,328.21,3.45,Não,0,0.010511562718990891,-0.583763177718582,0
626,216.01,10.66,Não,0,0.049349567149668996,0.701646474568096,0
627,258.14,3.62,Sim,0,0.01402339815603936,-0.5534553218394231,0
628,386.36,8.5,Não,0,0.022000207060772336,0.31655842339760715,0
629,66.51,2.35,Não,0,0.03533303262667268,-0.7798728334072568,0
630,163.6,7.31,Não,0,0.044682151589242054,0.10440343224349519,0
631,371.01,11.59,Não,0,0.031239050160373035,0.867448274377612,0
632,452.84,5.87,Não,0,0.012962635809557461,-0.15232193520349727,0
633,280.25,0.0,Sim,0,0.0,-1.198834370560335,0
634,289.45,0.0,Sim,0,0.0,-1.198834370560335,0
635,98.23,13.98,Não,0,0.1423190471342767,1.293541071737551,0
636,251.34,4.28,Não,0,0.017028726028487307,-0.4357895284262182,0
637,289.68,6.59,Não,0,0.022749240541286936,-0.023959251480001043,0
638,159.11,3.13,Não,0,0.01967192508327572,-0.6408132593734692,0
639,171.16,14.89,Não,0,0.0869946249123627,1.4557772414436367,0
640,219.78,13.98,Não,0,0.06360906360906361,1.293541071737551,0
641,59.03,8.56,Não,0,0.14501101135016095,0.3272553137078986,0
642,194.94,0.0,Sim,0,0.0,-1.198834370560335,0
643,145.15,8.29,Não,0,0.057113331036858415,0.27911930731158724,0
644,197.37,9.73,Não,0,0.04929827228048842,0.53584467475858,0
645,103.89,0.0,Sim,0,0.0,-1.198834370560335,0
646,450.74,11.57,Não,0,0.025668900031060034,0.8638826442741816,0
647,317.12,2.79,Não,0,0.008797931382441978,-0.7014289711317869,0
648,355.6,12.56,Não,0,0.03532058492688414,1.040381334393989,0
649,405.13,11.95,Não,0,0.0294967047614346,0.93162961623936,0
650,274.3,10.92,Não,0,0.039810426540284355,0.7479996659126918,0
651,89.11,1.51,Não,0,0.016945348445741217,-0.9296292977513358,0
652,291.7,5.24,Não,0,0.017963661295851904,-0.2646392834615565,0
653,314.08,4.68,Não,0,0.014900662251655629,-0.36447692635760925,0
654,385.45,0.0,Sim,0,0.0,-1.198834370560335,0
655,244.25,2.23,Não,0,0.009129989764585466,-0.8012666140278396,0
656,107.41,14.12,Não,0,0.13145889581975606,1.318500482461564,0
657,177.7,8.75,Não,0,0.04924029262802476,0.3611287996904878,0
658,213.39,5.28,Não,0,0.024743427527063128,-0.2575080232546956,0
659,340.66,6.56,Não,0,0.019256736922444662,-0.029307696635146766,0
660,306.85,7.26,Não,0,0.023659768616587907,0.09548935698491909,0
661,210.24,9.41,Não,0,0.04475837138508371,0.47879459310369277,0
662,493.93,8.22,Não,0,0.016642034296357786,0.2666396019495809,0
663,322.6,13.87,Não,0,0.04299442033477991,1.2739301061686834,0
664,156.75,7.96,Não,0,0.05078149920255184,0.22028641060498494,0
665,95.8,14.89,Não,0,0.15542797494780794,1.4557772414436367,0
666,118.79,12.92,Não,0,0.10876336391952184,1.104562676255737,0
667,160.68,0.0,Sim,0,0.0,-1.198834370560335,0
668,122.31,14.03,Não,0,0.11470852751205951,1.302455146996127,0
669,133.96,2.63,Não,0,0.019632726186921468,-0.7299540119592305,0
670,178.29,12.44,Não,0,0.06977396376689662,1.018987553773406,0
671,128.02,6.33,Não,0,0.04944539915638181,-0.07031244282459688,0
672,453.54,13.29,Não,0,0.029302817833046696,1.1705268331692003,0
673,86.11,13.15,Não,0,0.15271164789223088,1.1455674224451873,0
674,286.03,0.0,Sim,0,0.0,-1.198834370560335,0
675,234.68,12.06,Não,0,0.05138912561786262,0.9512405818082277,0
676,492.07,5.27,Não,0,0.010709858353486292,-0.2592908383064109,0
677,100.42,2.13,Não,0,0.02121091416052579,-0.8190947645449919,0
678,229.04,0.0,Sim,0,0.0,-1.198834370560335,0
679,486.26,0.0,Sim,0,0.0,-1.198834370560335,0
680,439.48,10.73,Não,0,0.024415217984891234,0.7141261799301026,0
681,417.68,5.85,Não,0,0.014005937559854433,-0.1558875653069278,0
682,166.06,14.66,Não,0,0.08828134409249669,1.4147724952541865,0
683,126.9,0.0,Sim,0,0.0,-1.198834370560335,0
684,350.89,12.51,Não,0,0.035652198694747644,1.0314672591354128,0
685,468.22,2.86,Não,0,0.006108239716372645,-0.6889492657697803,0
686,300.54,0.0,Sim,0,0.0,-1.198834370560335,0
687,307.23,0.0,Sim,0,0.0,-1.198834370560335,0
688,175.99,7.82,Não,0,0.044434342860389796,0.19532699988097182,0
689,396.27,9.49,Não,0,0.023948318065965125,0.49305711351741455,0
690,134.17,11.71,Não,0,0.08727733472460313,0.8888420549981948,0
691,195.66,3.45,Não,0,0.017632628028212208,-0.583763177718582,0
692,241.45,8.04,Não,0,0.03329881963139366,0.2345489310187066,0
693,278.42,0.0,Sim,0,0.0,-1.198834370560335,0
694,159.08,3.05,Não,0,0.01917274327382449,-0.655075779787191,0
695,101.68,6.15,Não,0,0.06048387096774194,-0.1024031137554709,0
696,324.78,1.95,Não,0,0.0060040642896730095,-0.8511854354758659,0
697,179.88,1.36,Não,0,0.007560595952857461,-0.9563715235270641,0
698,311.56,2.89,Não,0,0.009275901912954167,-0.6836008206146347,0
699,119.46,14.48,Não,0,0.12121212121212122,1.3826818243233123,0
700,266.51,8.69,Não,0,0.03260665641064125,0.35043190938019636,0
701,289.67,14.52,Não,0,0.05012600545448268,1.389813084530173,0
702,73.32,7.05,Não,0,0.09615384615384616,0.05805024089889935,0
703,201.47,0.0,Sim,0,0.0,-1.198834370560335,0
704,110.49,0.0,Sim,0,0.0,-1.198834370560335,0
705,78.52,7.15,Não,0,0.09105960264900663,0.0758783914160517,0
706,495.48,2.48,Não,0,0.005005247436828933,-0.756696237734959,0
707,195.06,0.0,Sim,0,0.0,-1.198834370560335,0
708,414.44,4.02,Não,0,0.009699835923173437,-0.4821427197708142,0
709,164.59,0.0,Sim,0,0.0,-1.198834370560335,0
710,356.68,10.1,Não,0,0.028316698441179768,0.6018088316720432,0
711,392.1,3.13,Não,0,0.007982657485335373,-0.6408132593734692,0
712,318.04,1.86,Não,0,0.0058483209659162365,-0.8672307709413029,0
713,262.21,11.93,Não,0,0.04549788337592007,0.9280639861359297,0
714,235.33,7.44,Não,0,0.031615178685250496,0.12758002791579326,0
715,206.99,0.0,Sim,0,0.0,-1.198834370560335,0
716,468.29,49.0,Não,1,0.10463601614384249,7.536959382844272,1
717,423.78,1.81,Não,0,0.0042710840530463924,-0.8761448461998791,0
718,484.26,10.73,Não,0,0.022157518688307936,0.7141261799301026,0
719,105.93,14.77,Não,0,0.1394317001793637,1.434383460823054,0
720,378.89,0.0,Sim,0,0.0,-1.198834370560335,0
721,472.25,2.99,Não,0,0.00633139227104288,-0.6657726700974823,0
722,131.55,2.7,Não,0,0.020524515393386546,-0.7174743065972239,0
723,79.92,5.25,Não,0,0.0656906906906907,-0.2628564684098413,0
724,383.5,2.41,Não,0,0.0062842242503259454,-0.7691759430969655,0
725,308.51,10.69,Não,0,0.03465041651810314,0.7069949197232416,0
726,428.82,1.87,Não,0,0.004360804066974489,-0.8654479558895877,0
727,112.9,0.0,Sim,0,0.0,-1.198834370560335,0
728,407.87,14.95,Não,0,0.03665383578100865,1.466474131753928,0
729,140.73,12.4,Não,0,0.08811198749378243,1.0118562935665454,0
730,123.65,9.61,Não,0,0.07771936918722198,0.5144508941379972,0
731,123.92,5.29,Não,0,0.04268883150419626,-0.2557252082029804,0
732,416.56,9.73,Não,0,0.023357979642788556,0.53584467475858,0
733,349.34,0.0,Sim,0,0.0,-1.198834370560335,0
734,285.38,6.97,Não,0,0.024423575583432614,0.043787720485177525,0
735,211.47,2.83,Não,0,0.013382512885988556,-0.694297710924926,0
736,444.74,13.41,Não,0,0.03015244862166659,1.191920613789783,0
737,226.6,7.3,Não,0,0.032215357458075904,0.10262061719177999,0
738,417.47,3.72,Não,0,0.008910819939157304,-0.5356271713222709,0
739,247.61,6.15,Não,0,0.024837445983603247,-0.1024031137554709,0
740,219.62,0.0,Sim,0,0.0,-1.198834370560335,0
741,258.21,12.59,Não,0,0.04875876224778282,1.0457297795491345,0
742,185.62,11.27,Não,0,0.06071544014653593,0.8103981927227247,0
743,386.42,0.0,Sim,0,0.0,-1.198834370560335,0
744,276.22,0.0,Sim,0,0.0,-1.198834370560335,0
745,154.5,6.83,Não,0,0.04420711974110032,0.01882830976116442,0
746,454.81,7.74,Não,0,0.01701809546843737,0.18106447946725002,0
747,222.75,1.27,Não,0,0.0057014590347923685,-0.9724168589925012,0
748,294.6,0.0,Sim,0,0.0,-1.198834370560335,0
749,457.91,11.64,Não,0,0.025419842327094842,0.8763623496361882,0
750,330.91,2.92,Não,0,0.008824151582001147,-0.678252375459489,0
751,102.6,8.49,Não,0,0.08274853801169592,0.31477560834589197,0
752,472.92,4.01,Não,0,0.008479235388649243,-0.48392553482252937,0
753,332.47,1.17,Não,0,0.003519114506572021,-0.9902450095096536,0
754,200.71,4.38,Não,0,0.021822530018434556,-0.417961377909066,0
755,112.67,14.66,Não,0,0.1301144936540339,1.4147724952541865,0
756,407.31,12.22,Não,0,0.03000171859271808,0.9797656226356714,0
757,329.03,14.43,Não,0,0.04385618332674832,1.3737677490647362,0
758,290.06,7.83,Não,0,0.026994414948631317,0.19710981493268703,0
759,452.25,2.54,Não,0,0.005616362631288004,-0.7459993474246676,0
760,404.87,0.0,Sim,0,0.0,-1.198834370560335,0
761,118.25,0.0,Sim,0,0.0,-1.198834370560335,0
762,190.27,0.0,Sim,0,0.0,-1.198834370560335,0
763,161.82,2.37,Não,0,0.014645902855024102,-0.7763072033038264,0
764,384.78,7.84,Não,0,0.02037527938042518,0.1988926299844022,0
765,65.09,0.0,Sim,0,0.0,-1.198834370560335,0
766,306.45,5.55,Não,0,0.01811062163485071,-0.20937201685838455,0
767,393.11,11.32,Não,0,0.0287960112945486,0.819312267981301,0
768,444.54,7.66,Não,0,0.017231295271516622,0.16680195905352818,0
769,203.94,6.26,Não,0,0.030695302539962735,-0.08279214818660352,0
770,419.57,6.52,Não,0,0.015539719236361035,-0.03643895684200767,0
771,99.78,0.0,Sim,0,0.0,-1.198834370560335,0
772,430.9,11.99,Não,0,0.02782548155024368,0.9387608764462211,0
773,107.37,13.49,Não,0,0.12564030921113906,1.206183134203505,0
774,228.78,14.37,Não,0,0.06281143456595856,1.3630708587544447,0
775,408.78,12.02,Não,0,0.029404569695190567,0.9441093216013666,0
776,117.46,5.42,Não,0,0.04614336795504853,-0.23254861253068249,0
777,153.16,0.0,Sim,0,0.0,-1.198834370560335,0
778,375.01,0.0,Sim,0,0.0,-1.198834370560335,0
779,374.02,4.57,Não,0,0.012218597935939256,-0.38408789192647663,0
780,338.52,12.77,Não,0,0.037723029658513534,1.0778204504800086,0
781,362.28,0.0,Sim,0,0.0,-1.198834370560335,0
782,294.23,13.62,Não,0,0.046290317098868224,1.2293597298758028,0
783,163.31,7.46,Não,0,0.045679995101341006,0.13114565801922365,0
784,205.56,9.92,Não,0,0.04825841603424791,0.5697181607411692,0
785,131.72,10.23,Não,0,0.07766474339508048,0.6249854273443414,0
786,458.8,13.53,Não,0,0.029489973844812552,1.2133143944103657,0
787,312.53,9.91,Não,0,0.03170895594022974,0.567935345689454,0
788,230.38,0.0,Sim,0,0.0,-1.198834370560335,0
789,257.9,1.93,Não,0,0.007483520744474603,-0.8547510655792964,0
790,476.28,8.26,Não,0,0.01734273956496179,0.2737708621564417,0
791,119.01,3.1,Não,0,0.026048231241072178,-0.6461617045286149,0
792,313.8,45.0,Não,1,0.14340344168260039,6.823833362158182,1
793,277.65,8.17,Não,0,0.029425535746443365,0.2577255266910047,0
794,325.15,10.52,Não,0,0.03235429801630017,0.6766870638440827,0
795,58.15,1.58,Não,0,0.02717110920034394,-0.9171495923893292,0
796,442.46,2.19,Não,0,0.004949599963838539,-0.8083978742347004,0
797,469.45,0.0,Sim,0,0.0,-1.198834370560335,0
798,304.31,2.01,Não,0,0.006605106634681738,-0.8404885451655746,0
799,363.49,2.0,Não,0,0.005502214641393161,-0.8422713602172898,0
800,465.12,0.0,Sim,0,0.0,-1.198834370560335,0
801,368.26,14.39,Não,0,0.0390756530711997,1.3666364888578755,0
802,118.64,11.33,Não,0,0.09549898853674983,0.8210950830330161,0
803,309.33,5.95,Não,0,0.01923512106811496,-0.13805941478977546,0
804,323.02,5.15,Não,0,0.015943285245495636,-0.2806846189269935,0
805,240.86,5.9,Não,0,0.024495557585319273,-0.14697349004835156,0
806,381.4,11.85,Não,0,0.031069743051914,0.9138014657222078,0
807,470.47,10.26,Não,0,0.021807979254787762,0.6303338724994869,0
808,466.51,0.0,Sim,0,0.0,-1.198834370560335,0
809,252.88,3.44,Não,0,0.013603290098070231,-0.5855459927702972,0
810,100.96,2.38,Não,0,0.023573692551505546,-0.7745243882521112,0
811,493.18,10.24,Não,0,0.020763210186949998,0.6267682423960566,0
812,427.5,11.7,Não,0,0.027368421052631577,0.8870592399464794,0
813,106.1,4.71,Não,0,0.04439208294062206,-0.3591284812024635,0
814,464.38,0.0,Sim,0,0.0,-1.198834370560335,0
815,441.45,2.15,Não,0,0.004870313738815268,-0.8155291344415615,0
816,283.48,14.55,Não,0,0.051326372230845206,1.395161529685319,0
817,316.07,5.14,Não,0,0.01626222039421647,-0.2824674339787088,0
818,229.55,0.0,Sim,0,0.0,-1.198834370560335,0
819,74.64,0.0,Sim,0,0.0,-1.198834370560335,0
820,200.84,6.35,Não,0,0.03161720772754431,-0.0667468127211665,0
821,411.28,3.88,Não,0,0.009433962264150943,-0.5071021304948273,0
822,52.08,2.7,Não,0,0.051843317972350235,-0.7174743065972239,0
823,200.07,9.61,Não,0,0.048033188384065575,0.5144508941379972,0
824,229.18,11.84,Não,0,0.05166244873025569,0.9120186506704926,0
825,291.83,10.01,Não,0,0.03430079155672823,0.5857634962066063,0
826,463.94,8.42,Não,0,0.018148898564469544,0.3022959029838853,0
827,205.86,1.59,Não,0,0.007723695715534829,-0.9153667773376141,0
828,206.13,0.0,Sim,0,0.0,-1.198834370560335,0
829,381.88,12.18,Não,0,0.031894836074159424,0.9726343624288103,0
830,253.5,0.0,Sim,0,0.0,-1.198834370560335,0
831,151.07,14.72,Não,0,0.09743827364797776,1.4254693855644778,0
832,253.6,9.43,Não,0,0.03718454258675079,0.48236022320712313,0
833,113.39,0.0,Sim,0,0.0,-1.198834370560335,0
834,129.37,11.47,Não,0,0.08866043132101724,0.8460544937570293,0
835,274.27,12.36,Não,0,0.04506508185364787,1.0047250333596842,0
836,238.52,10.19,Não,0,0.04272178433674324,0.6178541671374802,0
837,461.68,2.79,Não,0,0.006043146768324381,-0.7014289711317869,0
838,213.08,0.0,Sim,0,0.0,-1.198834370560335,0
839,311.26,13.99,Não,0,0.04494634710531389,1.2953238867892662,0
840,334.52,4.14,Não,0,0.012375941647734066,-0.46074893915023146,0
841,55.89,6.21,Não,0,0.1111111111111111,-0.09170622344517962,0
842,348.59,7.05,Não,0,0.020224332310163802,0.05805024089889935,0
843,130.12,7.15,Não,0,0.054949277589917,0.0758783914160517,0
844,482.48,9.58,Não,0,0.019855745315868013,0.5091024489828516,0
845,116.9,14.2,Não,0,0.12147134302822925,1.332763002875286,0
846,236.58,4.37,Não,0,0.018471552963056893,-0.4197441929607812,0
847,88.41,2.7,Não,0,0.030539531727180186,-0.7174743065972239,0
848,498.59,3.76,Não,0,0.00754126637116669,-0.52849591111541,0
849,275.99,13.42,Não,0,0.04862495017935432,1.1937034288414983,0
850,317.92,10.04,Não,0,0.03158027176648213,0.5911119413617518,0
851,80.18,5.0,Não,0,0.062359690695934146,-0.30742684470272197,0
852,387.48,12.42,Não,0,0.03205326726540725,1.0154219236699757,0
853,144.46,0.0,Sim,0,0.0,-1.198834370560335,0
854,454.12,12.85,Não,0,0.028296485510437768,1.0920829708937303,0
855,142.31,7.94,Sim,0,0.05579368983205678,0.21672078050155458,0
856,135.81,4.53,Não,0,0.03335542301745085,-0.3912191521333375,0
857,66.45,11.57,Não,0,0.17411587659894656,0.8638826442741816,0
858,262.43,0.0,Sim,0,0.0,-1.198834370560335,0
859,304.18,0.0,Sim,0,0.0,-1.198834370560335,0
860,79.57,0.0,Sim,0,0.0,-1.198834370560335,0
861,398.99,11.87,Não,0,0.02975011905060277,0.9173670958256381,0
862,253.98,10.19,Não,0,0.040121269391290654,0.6178541671374802,0
863,285.98,3.48,Não,0,0.012168683124694034,-0.5784147325634363,0
864,248.34,8.63,Não,0,0.034750744946444395,0.3397350190699052,0
865,230.34,14.79,Não,0,0.06420942953894243,1.4379490909264843,0
866,301.84,14.12,Não,0,0.046779750861383515,1.318500482461564,0
867,119.86,1.6,Não,0,0.013348907058234608,-0.9135839622858987,0
868,131.87,3.31,Não,0,0.025100477743231972,-0.6087225884425952,0
869,437.8,2.84,Não,0,0.006486980356327089,-0.6925148958732108,0
870,475.75,11.16,Não,0,0.02345769837099317,0.7907872271538573,0
871,217.99,12.45,Não,0,0.05711271159227487,1.0207703688251213,0
872,171.84,3.99,Não,0,0.02321927374301676,-0.48749116492595973,0
873,339.8,8.08,Não,0,0.02377869334902884,0.24168019122556766,0
874,233.93,12.77,Não,0,0.05458897960928483,1.0778204504800086,0
875,61.42,11.26,Não,0,0.18332790621947248,0.8086153776710094,0
876,120.27,8.59,Não,0,0.07142263241040991,0.33260375886304416,0
877,372.19,9.26,Não,0,0.024879765711061555,0.4520523673279643,0
878,346.52,8.12,Não,0,0.023432990880757242,0.24881145143242842,0
879,62.19,5.17,Não,0,0.0831323363884869,-0.2771189888235631,0
880,149.89,0.0,Sim,0,0.0,-1.198834370560335,0
881,153.98,10.64,Não,0,0.06909988310170152,0.6980808444646657,0
882,352.35,13.23,Não,0,0.037547892720306515,1.1598299428589092,0
883,58.87,9.91,Não,0,0.1683370137591303,0.567935345689454,0
884,96.85,0.0,Sim,0,0.0,-1.198834370560335,0
885,409.96,0.0,Sim,0,0.0,-1.198834370560335,0
886,130.35,7.46,Não,0,0.05723053317990027,0.13114565801922365,0
887,343.74,1.13,Não,0,0.0032873683598068303,-0.9973762697165144,0
888,157.18,4.45,Não,0,0.028311490011451838,-0.40548167254705936,0
889,94.75,11.17,Não,0,0.11788918205804749,0.7925700422055725,0
890,159.43,14.89,Não,0,0.09339522047293483,1.4557772414436367,0
891,375.02,2.39,Não,0,0.006372993440349849,-0.772741573200396,0
892,435.06,6.62,Não,0,0.015216292005700363,-0.01861080632485532,0
893,423.6,12.2,Não,0,0.02880075542965061,0.9761999925322407,0
894,228.73,3.86,Não,0,0.016875792419009314,-0.5106677605982577,0
895,350.64,0.0,Sim,0,0.0,-1.198834370560335,0
896,142.24,11.26,Não,0,0.07916197975253093,0.8086153776710094,0
897,181.92,9.62,Não,0,0.052880386983289354,0.5162337091897123,0
898,453.35,3.63,Não,0,0.008007058564023381,-0.551672506787708,0
899,55.85,5.98,Não,0,0.10707251566696509,-0.13271096963462972,0
900,88.48,0.0,Sim,0,0.0,-1.198834370560335,0
901,143.55,0.0,Sim,0,0.0,-1.198834370560335,0
902,61.94,1.07,Não,0,0.017274782047142397,-1.0080731600268058,0
903,131.65,0.0,Sim,0,0.0,-1.198834370560335,0
904,312.37,1.49,Não,0,0.004769984313474405,-0.9331949278547662,0
905,239.64,11.44,Não,0,0.04773827407778334,0.8407060486018835,0
906,451.7,0.0,Sim,0,0.0,-1.198834370560335,0
907,417.85,14.41,Não,0,0.03448605959076223,1.3702021189613058,0
908,203.82,6.15,Não,0,0.030173682661171625,-0.1024031137554709,0
909,166.74,5.58,Não,0,0.03346527527887729,-0.20402357170323884,0
910,220.86,3.08,Não,0,0.013945485828126415,-0.6497273346320454,0
911,315.63,5.28,Não,0,0.01672844786617242,-0.2575080232546956,0
912,170.63,3.28,Sim,0,0.019222879915606866,-0.6140710335977408,0
913,330.87,14.95,Não,0,0.045183909088161514,1.466474131753928,0
914,234.24,6.16,Não,0,0.02629781420765027,-0.10062029870375572,0
915,298.42,7.28,Não,0,0.024395147778299042,0.09905498708834962,0
916,246.26,11.11,Não,0,0.045114919191098835,0.7818731518952811,0
917,182.51,13.41,Não,0,0.07347542600405457,1.191920613789783,0
918,476.8,9.3,Não,0,0.01950503355704698,0.45918362753482533,0
919,393.62,6.48,Não,0,0.016462578121030438,-0.043570217048868425,0
920,113.05,6.78,Não,0,0.05997346306943831,0.00991423450258832,0
921,440.81,10.74,Não,0,0.024364238560831197,0.7159089949818178,0
922,269.34,1.05,Não,0,0.003898418355981288,-1.0116387901302362,0
923,452.55,47.0,Não,1,0.1038559275218208,7.180396372501227,1
924,409.93,0.0,Sim,0,0.0,-1.198834370560335,0
925,241.35,12.12,Não,0,0.05021752641392169,0.9619374721185189,0
926,60.11,2.3,Não,0,0.038263184162368985,-0.788786908665833,0
927,170.9,9.23,Não,0,0.0540081919251024,0.44670392217281873,0
928,293.74,7.73,Não,0,0.026315789473684213,0.17928166441553484,0
929,335.07,9.99,Não,0,0.029814665592264304,0.5821978661031758,0
930,166.05,1.91,Não,0,0.011502559470039144,-0.8583166956827267,0
931,112.71,9.12,Não,0,0.08091562416821932,0.427092956603951,0
932,425.72,8.86,Não,0,0.020811801183876724,0.3807397652593552,0
933,492.98,0.0,Sim,0,0.0,-1.198834370560335,0
934,286.56,9.45,Não,0,0.032977386934673364,0.4859258533105535,0
935,127.26,10.47,Não,0,0.08227251296558227,0.6677729885855068,0
936,172.54,0.0,Sim,0,0.0,-1.198834370560335,0
937,58.28,4.78,Não,0,0.08201784488675361,-0.3466487758404569,0
938,461.43,12.55,Não,0,0.0271980582103461,1.0385985193422738,0
939,102.99,7.98,Não,0,0.07748325080104865,0.22385204070841547,0
940,309.43,0.0,Sim,0,0.0,-1.198834370560335,0
941,173.32,1.82,Não,0,0.01050080775444265,-0.8743620311481638,0
942,299.38,5.68,Não,0,0.01897254325606253,-0.18619542118608665,0
943,343.14,11.99,Não,0,0.03494200617823629,0.9387608764462211,0
944,423.38,10.91,Não,0,0.02576881288676839,0.7462168508609767,0
945,142.89,12.04,Não,0,0.0842606200573868,0.947674951704797,0
946,54.95,0.0,Sim,0,0.0,-1.198834370560335,0
947,111.6,7.16,Não,0,0.06415770609318996,0.07766120646776689,0
948,455.01,3.06,Não,0,0.0067251269202874666,-0.6532929647354758,0
949,443.25,5.59,Não,0,0.012611393119007332,-0.20224075665152363,0
950,318.84,7.08,Não,0,0.022205494919081675,0.06339868605404507,0
951,320.23,2.24,Não,0,0.0069949723636136526,-0.7994837989761243,0
952,349.27,4.09,Não,0,0.011710138288430155,-0.46966301440880753,0
953,128.92,9.38,Não,0,0.07275829972075708,0.47344614794854717,0
954,461.49,11.3,Não,0,0.02448590435329043,0.8157466378778706,0
955,238.45,14.98,Não,0,0.06282239463199833,1.4718225769090738,0
956,222.41,14.06,Não,0,0.06321658198821996,1.307803592151273,0
957,283.51,10.0,Não,0,0.03527212444005503,0.5839806811548911,0
958,71.13,6.9,Não,0,0.09700548291859976,0.03130801512317105,0
959,124.83,9.91,Não,0,0.07938796763598494,0.567935345689454,0
960,382.12,12.0,Não,0,0.03140374751386999,0.9405436914979363,0
961,87.26,0.0,Sim,0,0.0,-1.198834370560335,0
962,321.42,6.74,Não,0,0.020969448074170866,0.0027829742957274106,0
963,160.41,12.76,Não,0,0.0795461629574216,1.0760376354282934,0
964,225.18,6.37,Não,0,0.028288480326849632,-0.06318118261773598,0
965,179.91,9.01,Não,0,0.0500805958534823,0.40748199103508365,0
966,210.05,9.23,Não,0,0.04394191859081171,0.44670392217281873,0
967,373.57,3.58,Não,0,0.009583210643252939,-0.5605865820462841,0
968,183.7,6.07,Não,0,0.03304300489929233,-0.11666563416919272,0
969,304.88,5.68,Não,0,0.018630280766203097,-0.18619542118608665,0
970,264.22,1.37,Não,0,0.005185073045189614,-0.9545887084753489,0
971,348.65,1.34,Não,0,0.003843395955829629,-0.9599371536304947,0
972,471.57,0.0,Sim,0,0.0,-1.198834370560335,0
973,379.66,4.82,Não,0,0.012695569720276037,-0.33951751563359595,0
974,146.72,8.25,Não,0,0.05622955288985823,0.2719880471047265,0
975,64.03,5.18,Não,0,0.08089957832266124,-0.27533617377184794,0
976,168.02,0.0,Sim,0,0.0,-1.198834370560335,0
977,317.79,4.63,Não,0,0.014569369709556624,-0.3733910016161853,0
978,73.14,0.0,Sim,0,0.0,-1.198834370560335,0
979,273.36,13.22,Não,0,0.04836113549897571,1.158047127807194,0
980,318.58,12.79,Não,0,0.04014690187707954,1.081386080583439,0
981,200.41,3.61,Não,0,0.01801307319994012,-0.5552381368911384,0
982,396.91,12.24,Não,0,0.03083822529036809,0.9833312527391017,0
983,97.97,7.41,Não,0,0.07563539859140553,0.12223158276064754,0
984,83.81,7.76,Não,0,0.09259038300918744,0.18463010957068038,0
985,377.68,2.87,Não,0,0.007599025630163101,-0.687166450718065,0
986,272.97,2.13,Não,0,0.007803055280800087,-0.8190947645449919,0
987,359.78,0.0,Sim,0,0.0,-1.198834370560335,0
988,245.67,7.95,Não,0,0.03236048357552815,0.21850359555326976,0
989,160.88,7.12,Não,0,0.044256588761810045,0.07052994626090597,0
990,418.6,11.21,Não,0,0.026779741997133302,0.7997013024124335,0
991,409.74,0.0,Sim,0,0.0,-1.198834370560335,0
992,362.61,3.22,Não,0,0.008880063980585202,-0.6247679239080322,0
993,172.47,9.54,Não,0,0.055313967646547224,0.5019711887759905,0
994,315.6,2.89,Não,0,0.009157160963244614,-0.6836008206146347,0
995,212.44,0.0,Sim,0,0.0,-1.198834370560335,0
996,91.21,10.2,Não,0,0.11182984321894529,0.6196369821891955,0
997,462.79,0.0,Sim,0,0.0,-1.198834370560335,0
998,111.57,1.97,Não,0,0.017657076274984317,-0.8476198053724355,0
999,477.61,1.8,Não,0,0.0037687653106090744,-0.8779276612515943,0
1000,250.7,4.95,Não,0,0.019744714798564024,-0.31634091996129804,0
